,Last Click,Markov (Removal),Shapley
Direct Traffic,0.1673758865248227,0.0,0.16503546099290772
Display Ads,0.16879432624113475,0.19995983952747895,0.1718794326241135
Email,0.16666666666666666,0.0,0.1624822695035462
Referral,0.1773049645390071,0.800040160472521,0.1690543735224586
Search Ads,0.16312056737588654,0.0,0.16260047281323867
Social Media,0.15673758865248227,0.0,0.1689479905437352
