channel,contribution
Referral,0.1773049645390071
Display Ads,0.16879432624113475
Direct Traffic,0.1673758865248227
Email,0.16666666666666666
Search Ads,0.16312056737588654
Social Media,0.15673758865248227
