channel,contribution
Display Ads,0.1718794326241135
Referral,0.1690543735224586
Social Media,0.1689479905437352
Direct Traffic,0.16503546099290772
Search Ads,0.16260047281323867
Email,0.1624822695035462
